id,feature,final_status,gurbakir_behavior,reference_behavior_or_difference,phase2_dependency,external_input_owner,implementation_slice,acceptance_evidence,release_consequence_if_incomplete
"01","Bootstrap and splash","ACCEPTED","Deterministic local-first startup resolves configuration session route and recoverable failure without a remote-bricked launch","Retains the reference startup outcome; route policy and visual expression are independent","Typed configuration navigation errors safe Firebase defaults","Project owner for final production identity and splash assets","P3-01|P3-14|P3-16","Startup route state and process-restoration tests; P3-00 screen and flow contracts","Release stops if startup can dead-end expose proof UI or depend on unavailable remote state"
"02","Onboarding","INTENTIONALLY_DIFFERENT","No carousel; use system app language and configured market by default; add a versioned minimal choice only when an owned market or language rule proves it necessary","Intentional difference from the persisted reference onboarding destination","Typed locale resources and non-secret DataStore boundary","Project owner and merchant for supported markets and selectable-language policy","P3-00|P3-01","First-launch flow review plus restoration and accessibility tests when the conditional screen exists","Release stops if pricing or language can be ambiguous; otherwise the screen remains absent"
"03","Home","ACCEPTED","Independently designed merchant-backed commerce entry using only owned Shopify data and approved content","Retains the reference discovery purpose without copying layout content or brand","Storefront gateway typed brand theme localization and error contracts","Project owner and merchant for section sources labels order and fallback","P3-01","Home loading partial empty offline retry and content-provenance tests","P3-01 and release stop if the merchant Home contract is not approved"
"04","Categories","ACCEPTED","Shopify collection taxonomy browse with typed routes and honest empty states","Accepted capability parity with independent information architecture","Storefront gateway typed routes shared product components","Merchant for taxonomy hierarchy names visibility and market mapping","P3-02","Category-to-list route contract taxonomy fixtures and UI state tests","Browse release stops if taxonomy is ambiguous or exposes unsupported collections"
"05","Product listing","ACCEPTED","Cursor-paginated listings expose only schema-supported sort and filter controls","Accepted capability parity; current Shopify schema and merchant policy govern controls","Apollo typed catalog operation pagination and error contracts","Merchant for supported sort filter and availability policy","P3-02|P3-15","Pagination cancellation deduplication filter sort offline and accessibility tests","Release stops for duplicate lost misleading or unsupported results"
"06","Search and history","INTENTIONALLY_DIFFERENT","Debounced search with device-local history limited to 10 unique normalized queries and 30 days; user can remove clear or disable it","Search purpose retained; local bounded retention intentionally replaces unowned remote behavior","Storefront search contract typed errors; Room boundary to be introduced in P3-03","Project owner owns the reversible retention default; engineering owns migration and clear behavior","P3-03|P3-15","Virtual-time search tests Room migration expiry uniqueness and SR-08 clear tests","Release stops if queries leak persist beyond policy or stale results win"
"07","Product detail","ACCEPTED","Explicit valid variant selection controls price media availability and later cart intent","Accepted capability parity without reference UI or generated-source copying","Typed catalog models variant identifiers media URL policy and error taxonomy","Merchant for content media related-product source and availability language","P3-04|P3-15","Variant-combination property tests mapper fixtures and Compose state tests","Release stops if an invalid unavailable or mispriced variant can be submitted"
"08","Wishlist","INTENTIONALLY_DIFFERENT","Complete account-independent wishlist stored only on this device with honest unavailable-item handling","Intentional difference from unverified reference remote sync","Room ownership boundary product identity and shared product cards","Project owner owns local-only promise; engineering owns migration and deletion","P3-05|P3-15","Repository idempotency Room migration rehydration offline and SR-08 tests","Release stops if local durability or clear behavior is unreliable or cross-device sync is implied"
"09","Cart","ACCEPTED","Complete cart uses Anonymous CustomerAssociated DetachPending and Quarantined ownership; no cart-note UI in Phase 3","Retains reference cart capability; Worker merge and note behavior are not copied","Proven Storefront cart gateway coordinator Keystore store typed errors and concurrency","Merchant owns price quantity and inventory messaging; engineering owns ownership transitions","P3-06|P3-07|P3-09|P3-15","State-machine concurrency invalid-cart mutation process-death and quarantine tests","Release stops for identity ambiguity data loss wrong totals or incomplete mutation recovery"
"10","Checkout","ACCEPTED","Refresh eligible cart then present official Checkout Kit; completion clears only the completed cart while cancel and failure retain it","Accepted user outcome; official SDK contract governs independent implementation","Proven Checkout Kit adapter coordinator host policy callbacks and device evidence","Release owner for production Shopify payment and checkout configuration","P3-07|P3-15|P3-16","Lifecycle callback process-death offsite-return and production-route exclusion tests","Release stops if completion can be guessed or test payment surfaces remain"
"11","Login and session","INTENTIONALLY_DIFFERENT","System-browser Customer Account OAuth PKCE with hosted passwordless journey secure restore refresh logout and help","Intentional replacement of legacy credential UI","Proven discovery AppAuth presentation token client Customer Account client and Keystore session","Project owner for account copy and market policy; legal owner for required links","P3-08|P3-09|P3-15","Callback replay cancellation refresh expiry logout and accessibility tests","Account UI and release stop until legal support routes and minimum scopes are approved"
"12","Registration and verification","INTENTIONALLY_DIFFERENT","Shopify-hosted account journey; app owns only launch return cancellation help and recovery states","Reference app-owned creation and verification screens are intentionally excluded","Same OAuth callback and browser infrastructure as group 11","Project owner for hosted-journey copy and owned-environment observation when required","P3-08|P3-09|P3-15","Hosted return cancel help and route-recovery tests","Release stops if app copy promises an app-owned registration or verification workflow"
"13","Password recovery and update","NOT_APPLICABLE","No app password destination; sign-in help restarts or resumes the hosted passwordless journey","Legacy reset and update destinations are intentionally excluded","Account browser callback and session recovery infrastructure","Project owner for support wording","P3-09","Route inventory proves no password screen; help and restart tests","Release stops if legacy password collection or a dead reset action appears"
"14","Profile","ACCEPTED","Read and edit only approved current Customer Account fields; birthdate or metafield stays absent without separate purpose privacy and schema approval","Profile capability retained; reference birthdate or Worker semantics excluded","Customer Account client session errors and redaction","Project owner and legal/privacy owner for field allowlist; Shopify schema as technical source","P3-10|P3-15","Field allowlist validation conflict session expiry and no-PII-persistence tests","Release stops if unapproved fields or persistent PII are introduced"
"15","Addresses","ACCEPTED","Customer-scoped list add edit delete and default behavior with market-aware forms","Accepted capability parity with independent validation and UI","Customer Account client session typed errors and localization","Merchant for supported countries; legal/privacy owner for PII policy","P3-11|P3-15","Country validation CRUD conflict session accessibility and no-local-PII tests","Release stops if unsupported address formats or PII leakage can occur"
"16","Orders","ACCEPTED","Private paginated orders detail fulfillment and cargo tracking using verified Customer Account fields or allowlisted carrier URLs","Accepted capability parity; reference Worker tracking semantics remain unknown","Customer Account client session external URL policy and localization","Merchant/support owner for status vocabulary carriers and escalation copy","P3-12|P3-15","Pagination partial-fulfillment URL-policy session and inaccessible-tracking tests","Release stops if order ownership status or tracking is invented or exposed"
"17","Account deletion","EXTERNALLY_BLOCKED","Expose a request path only after an owned functional process resource re-auth retention and support contract exists; local clear is not remote deletion","Reference backend route proves a user need but supplies no reusable server contract","Session re-auth URL policy and SR-08 local clear orchestration","Project owner accountable with qualified legal/privacy input and an operations owner","P3-13|P3-16","Authorized owned-resource contract re-auth local-clear and acknowledgement proof","Production release stops until the external process works end to end"
"18","Agreements pages and permissions","EXTERNALLY_BLOCKED","Real owned privacy terms support and policy pages with provenance version and contextual permission rationale","Capability retained; all reference content branding and URLs excluded","Typed legal-link configuration external route policy localization and permission boundaries","Project owner accountable with qualified legal/content source","P3-00|P3-08|P3-16","Content provenance URL offline accessibility and version checks","Production Account UI and release stop until the corpus and routes exist"
"19","Web content","INTENTIONALLY_DIFFERENT","Allowlisted Custom Tabs or browser routes with external-context notice; no generic credential-bearing WebView","Safer intentional difference from the reference WebView destination","ExternalRoutePolicy OAuth browser boundary and typed navigation","Legal support and merchant owners for canonical HTTPS URLs","P3-08|P3-09|P3-12|P3-16","Host path redirect token-leak offline and focus-return tests","Release stops if an unowned or unsafe route is reachable"
"20","Push notifications","DEFERRED","No production notification capability in Phase 3; keep registration and proof routing out of release","Reference capability is recorded only; runtime routing and sender behavior remain unknown","Proven disabled explicit-consent Firebase boundary retained as infrastructure only","Future product privacy backend and operations owners","Beyond Phase 3|P3-16 absence check","Release graph SDK configuration route and permission checks prove absence","Release stops if proof push registration or unsolicited notification capability remains"
"21","Force update and Remote Config","INTENTIONALLY_DIFFERENT","Typed non-blocking local defaults and optional update notice; a hard gate is absent unless governance grace rollback and critical-route access are approved","Remote feature retained with a stricter safe-default policy","Proven typed Remote Config adapter false defaults and explicit fetch boundary","Release owner for version policy rollout rollback and support path","P3-14|P3-16","Malformed offline cached expiry rollback and critical-route tests","Release stops if Remote Config can brick startup weaken policy or introduce arbitrary content"
"22","Session expiry","ACCEPTED","Central terminal reset clears customer session and detaches or quarantines associated cart before signed-out exposure","Accepted lifecycle parity with stronger ownership protection","Customer session coordinator cart coordinator Keystore stores and typed routes","Engineering owner; no new external content beyond group 11 help routes","P3-06|P3-09|P3-15","Refresh terminal expiry offline detach quarantine back-stack and process-death tests","Release stops if authenticated data or cart identity can survive incorrectly"
"23","Analytics and crash reporting","DEFERRED","Analytics and Crashlytics remain absent in Phase 3; no event taxonomy or crash upload is implied","Reference telemetry is intentionally not copied","Typed disabled telemetry policy redaction and dependency checks","Future product privacy legal and operations owners","P3-16 decision|Beyond Phase 3","Dependency manifest local-report and data-flow absence checks","Release stops if an unapproved collection path is present"
"24","Localization and remote branding","INTENTIONALLY_DIFFERENT","Turkish-first TR and EN resources use owned local tokens and system per-app language behavior; remote branding is bounded owned content only","Localization purpose retained; reference branding assets values and layouts excluded","Typed brand tokens CommerceTheme TR EN resource parity and config validation","Project owner for final brand kit and production content; engineering for resource parity","P3-00 through P3-16","Contrast large-text pseudolocale resource-parity and asset-provenance tests","Release stops for missing translations unlicensed assets misleading fallback or arbitrary remote branding"
